Designator,Footprint,Quantity,Value,LCSC Part #
"C1, C7",0603,2,1uF,C15849
"C10, C11",1210,2,47uF,C84494
C12,1210,1,10uF,C49296968
C13,0805,1,100nF,C28233
"C14, C2, C8",0603,3,100nF,C14663
C3,0805,1,10uF,C15850
C4,1206,1,4.7uF,C51205
"C5, C6",0603,2,47nF,C1622
C9,0603,1,9.1pF,C61817
CR1,SOT-23_DBZ_TEX,1,ESD2CAN24DBZRQ1,C5736151
D1,C2286_LED-SMD_L1_6-W0_8-R-RD,1,LED_PWR,C2286
D2,C425875_SMB_L4_3-W3_6-LS5_4-BI,1,SMBJ24CA,C425875
D3,C2969868_SOD-123FL_L2_6-W1_6-LS3_5-FD,1,STPS2H100ZFY,C2969868
D4,C125098_LED0603-RD,1,LED_CAN,C125098
D5,C2287_LED0603-R-RD,1,LED,C2287
D6,C84367_SOD-123_L2_8-W1_8-LS3_7-RD,1,1N4148W,C84367
J3,C505218_CONN-SMD_430450406,1,CAN_CONNECTOR,C505218
L1,C83374_IND-SMD_L6_0-W6_0_SWPA6045S,1,15uH,C83374
Q1,SOT-23,1,BC857B-Q,C5121591
"R1, R10, R2, R3, R4, R8",0603,6,10k,C25804
"R11, R7, R9",0603,3,2.2k,C4190
"R12, R13",0603,2,390R,C23151
R5,0603,1,100k,C25803
R6,0603,1,43.2k,C23053
TH1,C910836_F2018,1,0.75A 60V,C910836
U1,ESP32-C3-WROOM-02,1,ESP32-C3-WROOM-02,C2934560
U2,RNX0012B,1,LMR36015AQRNXRQ1,C2863325
U3,DDF0008A-IPC_A,1,TCAN3404DDFRQ1,C32428067
