Designator,Mid X,Mid Y,Rotation,Layer
C1,123.0,-56.675,90.0,top
C10,177.0,-41.5,270.0,top
C11,180.5,-41.5,270.0,top
C12,162.825,-35.35,90.0,top
C13,156.825,-32.35,0.0,top
C14,152.0,-54.5,0.0,top
C2,119.0,-56.725,270.0,top
C3,121.0,-56.55,270.0,top
C4,166.5,-30.5,90.0,top
C5,171.5,-33.0,0.0,top
C6,171.725,-38.0,0.0,top
C7,166.325,-35.35,0.0,top
C8,169.0,-31.725,270.0,top
C9,168.325,-38.5,90.0,top
CR1,162.5,-54.5,180.0,top
D1,180.0,-56.0,0.0,top
D2,157.195,-39.85,180.0,top
D3,156.825,-34.85,180.0,top
D4,179.75,-60.0,180.0,top
D5,179.75,-58.0,180.0,top
D6,147.325,-47.35,0.0,top
J3,173.95,-49.65,90.0,top
L1,177.0,-33.35,0.0,top
Q1,155.5,-47.5,0.0,top
R1,127.5,-56.675,90.0,top
R10,155.0,-44.35,0.0,top
R11,176.675,-58.0,180.0,top
R12,151.325,-45.85,0.0,top
R13,151.325,-47.35,180.0,top
R2,126.0,-56.675,90.0,top
R3,122.0,-31.175,270.0,top
R4,124.5,-56.675,90.0,top
R5,166.825,-38.5,90.0,top
R6,165.325,-38.5,270.0,top
R7,176.675,-56.0,180.0,top
R8,161.775,-51.0,0.0,top
R9,176.75,-60.0,180.0,top
TH1,149.325,-38.85,180.0,top
U1,125.0,-42.75,90.0,top
U2,170.325,-35.35,270.0,top
U3,157.124144,-54.525001,180.0,top
